DATE,DJI,FTSE,GDAXI,GSPC,HSI,IXIC,N225,RUT,STI,STOXX50E,month
1988-11-30,0.02692993559124282,0.003295830215929973,0.03723475623436892,0.014653900393789224,0.00724501893932118,0.024686025957528685,0.01822943643765055,0.036978476377968715,0.03437974006579547,0.0393665404036818,Nov
1988-12-31,0.07954870861908435,0.13477152842140502,-0.00122249952562262,0.0686999674406834,0.1268915466394076,0.05743694518081244,0.045865663286486356,0.04309956147397633,0.09150564039296466,0.01688813558207748,Dec
1989-01-31,-0.0330556704127197,-0.024371007431900335,-0.01243602733118764,-0.029371293181755572,-0.015872287960439095,-0.005240126775434429,0.012859008499975955,0.004669282244765285,-0.025565860757073688,-0.0261654620585123,Jan
1989-02-28,0.011532859208745735,0.029689388854352083,0.010763238828840612,0.020592474545273094,-0.010625577032794544,0.014114415112387552,0.02565525752858503,0.021379525738612973,0.07321616772155456,0.02751871485482186,Feb
1989-03-31,0.052020367722885985,0.0205110934965532,0.025511143194044253,0.04887581648984238,0.042213650606501583,0.049375007740100486,0.02556140104629667,0.04210557269474963,0.0589535731694815,0.01182512519764705,Mar
1989-04-30,0.031813307344648795,-0.001701209220119315,0.034702021211023164,0.034534261810772994,-0.12970195951548474,0.04656274605084771,0.016037563358060416,0.040754018196826204,0.010372520510431539,0.024978512143956404,Apr
1989-05-31,-0.015295917598315997,0.01716181232649762,0.04873060267459472,-0.007924986008366915,-0.16804481772390162,-0.026075619346334372,-0.04003048436704944,-0.024252559305943534,0.022034987227535136,0.030734609663372537,May
1989-06-30,0.08298013830894702,0.06534571910238453,0.04171887765773399,0.08468140232724579,0.12420164712204632,0.04346060119692719,0.060719477896192524,0.04129965156016049,0.05558656157167654,0.04031438936242922,Jun
1989-07-31,0.026393122652438507,0.038810353859421866,0.01154816777862631,0.015397563124994443,-0.027676859225156978,0.03050528805621427,-0.014945972837988854,0.02092448026256572,-0.008152500882196257,0.031032357177018514,Jul
1989-08-31,-0.014565756698112334,-0.03952350548510285,-0.023539106113798322,-0.006565875658720335,0.09473390428038189,0.006364043622062434,0.0341877541998325,0,0.008470366817120422,-0.008015726148275051,Aug
1989-09-30,-0.017887656804197995,-0.06622602480034093,-0.07470218961537262,-0.025497775197081053,-0.007821641484024292,-0.037057195968703494,-0.0034329731987125644,-0.06215843274690332,-0.03169007941711829,-0.05712519697041179,Sep
1989-10-31,0.024576481735695422,0.06075087928974259,0.05488388734066707,0.01640600709301524,0.00855046040246628,-2.1923928187536718e-4,0.04735584348396874,0.0042308020646188455,0.0554302434907198,0.051204878973188345,Oct
1989-11-30,0.01483049278477934,0.05362703915113639,0.10317453821568348,0.021132837632587373,0.0317328120666697,-0.003950011745143283,0.042827931371569546,7.132006245848918e-4,0.050394805350630865,0.06038568169892083,Nov
1989-12-31,-0.05926897498224828,-0.035886162501960854,0.017905769777105746,-0.07129970011101028,-0.0302120123845179,-0.08546699075032728,-0.04553895780150076,-0.09360640714668762,0.010283719754405656,-0.026352579926873426,Dec
1990-01-31,0.012682657870874548,-0.038360953139728274,-0.025299562742812365,0.008502791113968755,0.07051842479578853,0.021363262628763775,-0.07381589308661567,0.0286202172412243,0.013836283501031712,-0.030551125795746866,Jan
1990-02-28,0.032126077939238815,7.565257278132471e-4,0.09072021658821722,0.02396550342197109,0.0154676923737239,0.02370002224834739,-0.1429402052116392,0.03684986411281829,0.022385176551173617,0.07042578785709076,Feb
1990-03-31,-0.010204609585745395,-0.06515048468166094,-0.06530838173094707,-0.027255210458756337,-0.015467692373723786,-0.02700645482809037,-0.013268447416339422,-0.034443346191494625,-0.06039867619052492,-0.01341229413104764,Mar
1990-04-30,0.07512835596664577,0.10497689854276396,4.791733243489313e-4,0.08800097814990954,0.060544803801466436,0.08404489602453341,0.11290593834263309,0.06620158656745063,0.0629605895652925,0.026116327424043892,Apr
1990-05-31,-0.007015325523025471,0.012500956818143436,0.018437407606257672,-0.009009128347801276,0.04332920246182145,0.0060750632412669035,-0.035979895235629854,0.0012424401836173312,-0.01868488804909148,0.0037200239635781936,May
1990-06-30,0.007611861664813465,-0.02059302966125825,0.006040337994136227,-0.005236846459976083,0.04765642663901958,-0.05202327364603499,-0.02822212474595919,-0.046041463264535065,0.019746045749770652,-0.006784023069995597,Jun
1990-07-31,-0.10709931603693491,-0.0741641131100053,-0.16028029454049159,-0.09906281433497616,-0.1076901614406353,-0.13820956835330284,-0.1794978451525226,-0.14636889522242,-0.19805647654499337,-0.1420074943908853,Jul
1990-08-31,-0.05488243209463904,-0.0834921691045191,-0.198859776724495,-0.05254071115475382,-0.11261673420738605,-0.09544211462871309,-0.21490347035626148,-0.09624253761230674,-0.14141868094137885,-0.12452181756565617,Aug
1990-09-30,-0.01298478616422962,0.02169389367872016,0.020302267689939292,-0.006884164146582384,0.08004270767353636,-0.05658554846261766,0.18275092539989338,-0.06444381098233165,0.044837824478763125,0.016057255602238703,Sep
1990-10-31,0.047122701969214115,0.047690392496416,0.013953386100690766,0.058239771933794066,-0.008061850852112041,0.08875969407802545,-0.1137565462478478,0.07033263160222626,-0.02419434702628571,-0.013440279075025981,Oct
1990-11-30,0.023585695017764995,-0.007529293416998539,-0.053974439312004206,0.02449349161679889,0.018018505502678212,0.034565918019425323,0.06013362466484011,0.03619954012621527,0.025611005742151437,-0.03701375302834579,Nov
1990-12-31,0.04070944275951518,0.01242542236643188,0.04440792949430258,0.04073956011412044,0.06991836900789432,0.10477055828917918,-0.022680632693692332,0.08675284823025493,0.09408789313908747,0.015082775934422784,Dec
1991-01-31,0.05227294609182837,0.0934428420085294,0.09862541322599826,0.06517257776476507,0.09101199780474273,0.087593395401861035,0.12652113087868727,0.10431943277272579,0.14095821282742912,0.09570848238697952,Jan
1991-02-28,0.018779493963338594,0.03378228255446689,-0.003938662552873918,0.02195993864898307,0.056012443839416115,0.06798626088042312,-0.0036905341180424414,0.06654818985307882,0.018823799453237214,0.03447477314566378,Feb
1991-03-31,-0.004874009066343104,0.01201784804011936,0.04131169793473634,3.197479255541182e-4,-0.04282667277263306,0.009410387670637165,-0.004834446313414652,-0.0024002762687471194,0.04838804669605175,0.013371369077325399,Mar
1991-04-30,0.0425162516997613,0.004852763032553812,0.04600821405705707,0.037851773304928595,0.032627979972045494,0.04893437820367147,-0.015543411946181829,0.04442882503327037,-0.0019283930218976116,0.039785596815617524,Apr
1991-05-31,-0.039224030691162044,-0.033753800564695104,-0.04836393047561874,-0.049026188533322565,-0.0070633273828297725,-0.06097060564755389,-0.10389355832215305,-0.06199591957418655,-0.049560102050523185,-0.0437671660455873,May
1991-06-30,0.03337251570082411,0.06870878009573972,-0.005825043802004474,0.043828422515417784,0.08780536090212585,0.048943572276024847,0.03133996839767153,0.030203836309231725,-0.010331518587302283,-0.003351208993747187,Jun
1991-07-31,0.006857487144378207,0.022746064126592365,0.017973994550973944,0.019458238883434252,-0.0034956340214808003,0.0455548474655102,-0.07495145165451733,0.036096828669713164,-0.034585597675100915,0.012740408061260906,Jul
1991-08-31,-0.008341626584594397,-0.01220727566891761,-0.029489830474921427,-0.01932935159589002,-0.010383903944454107,0.0011014585588321048,0.06868651891250452,0.005956916710302867,-0.04904913765818398,-0.009665185933109948,Aug
1991-09-30,0.014089930970305994,-0.029717664074658003,-0.018532416491759386,0.01176476005562012,0.02013348178385124,0.0296062536435038,0.05344137747990712,0.02656602118980183,0.03625445090298358,-0.00489264295751556,Sep
1991-10-31,-0.060547456351130645,-0.05576639604209749,-9.669663900295241e-4,-0.04492207498833468,0.026468950971760278,-0.03427870181739411,-0.10373132894655303,-0.04760962243995947,0.025578947357785282,-0.013100404329306805,Oct
1991-11-30,0.10034742731131518,0.03290489338866626,0.01755678989623081,0.1060827399576429,0.03492677980929977,0.12107159940797188,0.014826275099301903,0.07412421061166695,0.025995102032341903,0.026272102152520783,Nov
1991-12-31,0.022367744232713975,0.030845741583946804,0.05330917675336349,-0.019981047691873813,0.06846061579927558,0.06696113708796393,-0.044736710856610136,0.07702931817804086,0.03343498932023442,0.04067411306880614,Dec
1992-01-31,0.013649685819283603,-6.242354507228347e-4,0.03560545039854906,0.009519367068384521,0.06844817065515185,0.020574175091332737,-0.03395716938811739,0.02877857094608865,-0.03236613050501076,0.02387958845176958,Jan
1992-02-29,-0.00990288300789971,-0.044916650884466044,-0.017845499512223417,-0.022025195632948656,0.001560398552620299,-0.048918645394254084,-0.09848113338108454,-0.03601517831188807,-0.03214409915522744,-0.021561156067054187,Feb
1992-03-31,0.03748963461142095,0.10728391536155273,0.012460945088998952,0.02756031526987673,0.08407658111838318,-0.033877362136032735,-0.1054877418508503,-0.03720802320328115,0.05028857490296245,0.024905355356058458,Mar
1992-04-30,0.01119011202952766,0.017698916934076925,0.04244694446798519,9.634927671251487e-4,0.12801581216845254,0.009579174576178752,0.05447748237972948,0.011398588190267171,0.016999418137793536,0.020541145051861713,Apr
1992-05-31,-0.02335034855228983,-0.06766458074121257,-0.02436249809487204,-0.01751126317769476,7.37505474132912e-4,-0.03499098805652796,-0.13884515165061667,-0.05136754022523348,-0.019655683097972478,-0.04314562822914279,May
1992-06-30,0.022346965422315842,-0.05117659942736467,-0.08996115840289351,0.03847131464966914,-0.03774090915386533,0.029882766346450613,-0.003155193836094829,0.03219603336554527,-0.019778315747563616,-0.05826167320588829,Jun
1992-07-31,-0.0410209509227028,-0.033255583373924286,-0.04794417229954771,-0.024243040228859997,-0.044664952455001496,-0.02887996736032008,0.12726946376323678,-0.030978714043508233,-0.050498653608162296,-0.03736273667448181,Jul
1992-08-31,0.004380411446519894,0.09872375501004471,-0.031041843391076133,0.009064387847814074,-0.022681974065655322,0.036241305740219304,-0.03717752099684061,0.02142956225814164,-0.02015089250365252,0.023757648848048152,Aug
1992-09-30,-0.01397372753118364,0.03830481437970082,0.0032947353777581776,0.0021040678668816895,0.11780928111360395,0.04062091194376341,-0.03832424439318738,0.03062870159171096,0.026298082354632792,0.02174381695968965,Sep
1992-10-31,0.024160986032453025,0.04478385808627494,0.04141223490438326,0.029860695211739424,-0.06441375598452498,0.0779867523281243,0.05528756998400935,0.07223527960122327,0.05750681072501702,0.03271115020263208,Oct
1992-11-30,-0.0012381630551964084,0.026521088081342785,-0.005438724693870726,0.010057024343849025,-0.02931712947302956,0.039733133825012534,-0.043364050880827155,0.033120165911631326,0.036066416820092595,0.022317613655933547,Nov
1992-12-31,0.00269241343934297,-0.013902641577246763,0.0231366835053809,0.007044185566585666,0.04235250367254517,0.030666243832688865,0.0025613950889368103,0.03153094233604877,0.06114551200840496,0.009522474220905151,Dec
1993-01-31,0.018204899680700447,0.016204540524083134,0.05486419581102806,0.010429055210947079,0.10073579987308282,-0.03976408435631239,-0.004952512022696044,-0.025217726992362424,0.026851730875386573,0.07069972913417849,Jan
1993-02-28,0.018898860147502958,0.0058530806509035135,-0.008627798920749526,0.018524652031519342,0.005619196075855107,0.028289702011924843,0.09205281812676738,0.03011610106679904,0.0017998564444910992,2.016121693602683e-4,Feb
1993-03-31,-0.0022003313251816882,-0.020477793004709945,-0.0262142926445425,-0.025745397043356953,0.06741503439784613,-0.04349029465065157,0.1177457603017399,-0.028902912565891153,0.06664884321273092,-0.01407153199535899,Mar
1993-04-30,0.025272532113613494,0.009763370477593437,-0.002939388689988016,0.02246326388745818,0.07631831822475876,0.05543938764058562,-0.01866019132932742,0.04182027874784652,0.06026839806121572,-0.0031735352828920894,Apr
1993-05-31,-0.0032142729951915314,0.022280833458817456,0.04530438615809191,6.660775517577165e-4,-0.03662069599274048,0.0042564925040853244,-0.046959039304191943,0.004983487480363696,-0.05003612418924587,0.04433471161313859,May
1993-06-30,0.006624541528491222,0.008579325100612552,0.07085879286405677,-0.005363503265644526,-0.018528132598528934,0.0038245341780914627,0.037054283562567944,0.013239591930008926,0.0026569533316086785,0.06630151278330114,Jun
1993-07-31,0.03108410048770678,0.059818495210910205,0.060701638105722634,0.033852442101522676,0.0771703687059842,0.05032737127534071,0.03060931761841484,0.04041247018587846,0.10393989367054927,0.05920482353004886,Jul
1993-08-31,-0.02669443111631135,-0.020205999493170222,-0.0070111995471097265,-0.01001655043490286,0.01533284944780826,0.02539916589705799,-0.04180753138219396,0.027088225212882556,1.4936356831871087e-4,-0.016703617204670205,Aug
1993-09-30,0.034689869505322754,0.04251848162155421,0.07255581108086086,0.019207276545127695,0.19524840352014705,0.0228970271782922,-0.01978169154289477,0.024330945121117723,0.042359020859661985,0.054356228332497904,Sep
1993-10-31,9.097238008403747e-4,-0.0011992077579985605,-0.007565414245063981,-0.012994692496569805,-0.027411963866893867,-0.03385866423045995,-0.18075203984923172,-0.03442318349445359,-0.003048590867094956,-0.025672677973139026,Oct
1993-11-30,0.018548246836574068,0.06695970660159059,0.07622456343830827,0.009737509836367375,0.2625855031152543,0.021996024270281352,0.05713873719434084,0.03214418985675493,0.14642335773008597,0.06184539171950499,Nov
1993-12-31,0.05802109880332056,0.021244799922118827,-0.0269215042921786,0.03185514903247072,-0.034052758545194906,0.03348505595089322,0.1494099604878736,0.030244172869806202,-0.03705440341972652,0.0110222842016729,Dec
1994-01-31,-0.03748761926451902,-0.05361319041319371,-0.04818233172672226,-0.03048487573346478,-0.10160231509858675,-0.00744224774021843,-0.012875116451295904,-0.0037214215387932044,0.0017088909544886175,-0.04035484823945301,Jan
1994-02-28,-0.052513695680194886,-0.07383253472101338,0.019266153745139063,-0.04693293219630776,-0.14007141297862563,-0.06337262172320268,-0.04804706859447857,-0.05603587845900327,-0.11850364409697596,-0.006051649768142851,Feb
1994-03-31,0.012900319925455846,0.01252496284203043,0.05392985753336827,0.011711433484278097,-0.014669757251839109,0.014798854492827392,0.028989654100579073,0.005917314369058351,0.0984551159963809,0.04239605560004525,Mar
1994-04-30,0.02061079517667399,-0.05080000544549531,-0.056346797779353947,0.012320928116470864,0.06662855381070716,0.0016608555948573035,0.06526152919353727,-0.01303250212206719,-0.0064654670895395545,-0.05266088623990153,Apr
1994-05-31,-0.03615006584332585,-0.022022098449692974,-0.058977840166528135,-0.02715623907722001,-0.08572124160698263,-0.037832618531600935,-0.016572430829026114,-0.03673026057414323,-0.02455121018708845,-0.04840463297718816,May
1994-06-30,0.037760762001401896,0.05621237061812726,0.06104460863658028,0.031004269495066333,0.08259969991472299,0.022220796725772603,-0.008222101245095417,0.015525933282169516,-0.008349743100395017,0.06568844045794799,Jun
1994-07-31,0.03879660175482101,0.05483985946579072,0.025937336183094246,0.036865481395794694,0.043103641238064816,0.057498021686240526,0.010053485171042804,0.06229225610842674,0.04614742491209946,0.012068647513545045,Jul
1994-08-31,-0.018027188235345007,-0.0693430868782699,-0.09850141294958474,-0.027245341734590985,-0.041324344927260115,0.0016892382263099537,-0.05327473847728756,-0.004674408617778918,0.007271570806143476,-0.06066930792141904,Aug
1994-09-30,0.016751129736644523,0.0238833423125322,0.032427719921436934,0.020662961191407276,0.01358934200834687,0.016888024042268992,0.020717746148756794,-0.004304075988062232,0.01892537451524613,0.02719541711313249,Sep
1994-10-31,-0.044089742708956846,-3.2484058349339204e-5,0.002462616161195897,-0.040115552718134974,-0.13099904679952049,-0.03397484171765263,-0.04378952118766916,-0.04314969821754795,-0.05926726092351011,0.0011492754416584966,Oct
1994-11-30,0.02515171360378612,-0.004589062023465904,0.020883969276439457,0.012532757858036592,-0.0329276745061827,0.004171149137152209,0.03413310812781442,0.02470759512785688,-0.001115648146896431,-5.52615375158212e-4,Nov
1994-12-31,0.002464154580808646,-0.024402294126840522,-0.032386373109260784,0.02411833814942766,-0.10925607580036974,0.005164283834392122,-0.05603817614255162,-0.014118997039618551,-0.07229619472069855,-0.014576587900889105,Dec
1995-01-31,0.04256561393918107,0.002495384794652104,0.03351788779735273,0.03543871440539266,0.1202883966866773,0.047802894295051856,-0.08932964259336769,0.03862067013447186,0.020570331976837473,-0.001370141352428157,Jan
1995-02-28,0.03589407504344904,0.03829692375372153,-0.09247685613994908,0.026962418473460092,0.029543547301597257,0.02839711326356309,-0.052968751036761234,0.016237191432746066,-0.01592519205488516,-0.01715035078004976,Feb
1995-03-31,0.03858726150002163,0.02598203161738529,0.05175369524670964,0.02759653470361264,-0.018145529605824638,0.033640894713560715,0.04422673787976786,0.021148563516496428,-0.010469814315687219,0.03667901919608673,Mar
1995-04-30,0.032744361714726854,0.03264116785436088,0.037425848566934504,0.035570864690295884,0.11946273395203884,0.023238682377150228,-0.08583767355666864,0.015099505479419333,0.050993654760387364,0.017980664989892543,Apr
1995-05-31,0.02017538348958503,-0.01130970976510218,-0.013125226202477941,0.021055317082440638,-0.03631721269075843,0.07538365859277311,-0.06423775247279076,0.04832313296531578,-0.04049325806539065,-0.023027874723638993,May
1995-06-30,0.03289604422237471,0.045213310184416634,0.06578383474544931,0.031281628377848696,0.026269276440701903,0.0694988486688761,0.1385765491198525,0.055178119347923785,0.028982012334812016,0.045753426602038835,Jun
1995-07-31,-0.021020048485980634,0.005507142297490365,0.003838681898460532,-3.2028934117168674e-4,-0.027526363843621036,0.01834167408701034,0.08476864135675133,0.01844554120849843,-0.006315546600273951,-0.0018826216217035555,Jul
1995-08-31,0.038067060143886694,0.006721128228393441,-0.016226379653169157,0.03931443223571406,0.04891560974662054,0.023384995268823667,-0.0077950967307201125,0.01646972203153294,-0.01246915203495649,-0.00882957522159377,Aug
1995-09-30,-0.007190983116981388,0.005255917744487763,-0.018568267135699656,-0.004991773138401254,0.014114162828186063,-0.005131259481452569,-0.014995787692113589,-0.04659367690342294,-0.005961175003431644,-0.010800076016919876,Sep
1995-10-31,0.06530277016670033,0.040886824555203496,0.04188596252001695,0.04022886112777181,0.002418030827699089,0.02089262924561042,0.061710521184568906,0.04077739443707868,0.009774695226465908,0.033714350258436894,Oct
1995-11-30,0.008147039804679403,0.009614293485573397,0.0019836531985274867,0.017293476261363985,0.024235591472476337,-0.008074702350508427,0.0578074502993092,0.023666188649714565,0.06371228508096999,0.030852896477303868,Nov
1995-12-31,0.05321388751205135,0.018796031450165097,0.0860507392253236,0.03209673148426738,0.12043189355472579,0.006589077257622744,0.04255274755728009,-0.00186899870480313,0.07752462921636247,0.06633400767583746,Dec
1996-01-31,0.016676099527332996,-0.006870844844767518,0.010809942380250818,0.006909773984478536,-0.020171444812628364,0.03872961847350127,-0.03327751361491997,0.02983147614132247,-0.005480098071082084,-0.008201226723962618,Jan
1996-02-29,0.017867184415398567,-0.008022454375548918,-2.4093868495538254e-4,0.007885395470096479,-0.012840184571935713,0.0022360944801171536,0.06330066654920466,0.017813483570417468,-0.02122005541232216,0.0016450431176120916,Feb
1996-03-31,-0.0034989423619847253,0.03350507916114687,-0.0012669969538081057,0.01334202024304668,0.0017800502201273216,0.07384826030630293,0.027143459473670337,0.05158351454609066,0.011826039137510062,0.031487591027321855,Mar
1996-04-30,0.013483668620050699,-0.018269534925575582,0.008987084999507067,0.022596178238023713,0.027914536001564745,0.04351716304321888,-0.0033901253116146108,0.038223026804431216,-0.03093663240657371,-0.0011405129686239842,Apr
1996-05-31,0.0018993593732883536,-0.006981768424886314,0.020866291681260595,0.0022541677766712296,-0.020841254208363587,-0.04739803405757914,0.025177642565937033,-0.04302959260234492,-0.015642177011086555,0.001994946114173843,May
1996-06-30,-0.022478672902796017,-0.0019423636037590264,-0.029856862635650364,-0.04682750949117308,-0.03270401391010847,-0.09277556903096025,-0.08676474599382869,-0.0924579717043359,-0.08619413870283359,-0.044568926982749474,Jun
1996-07-31,0.015668189228668757,0.04179099218403415,0.014097771978491701,0.018639141994796438,0.04144201523237461,0.0541422056360179,-0.02440794980376651,0.05503944837106396,0.01955373791879678,-1.7477038118958273e-4,Jul
1996-08-31,0.04705423924963424,0.020441726944727585,0.04644740012466843,0.05278534192183845,0.06766210848355177,0.07937322579800937,0.0656537757795368,0.03678368925711741,0.010945199559908463,0.0557850624847591,Aug
1996-09-30,0.02535956744323951,0.006150955098277157,0.009183282938804346,0.025795311776973584,0.04599421138494144,-0.0018157486537150665,-0.05075827366368842,-0.01694464617105908,-0.04344527980992468,0.00385918349424446,Sep
1996-10-31,0.07886912542347635,0.018730272454498823,0.061292921823965195,0.07080896301111184,0.06882282633372114,0.0547680425048283,0.02516414170584454,0.0389868519253428,0.04744978486703425,0.06586434000939052,Oct
1996-11-30,-0.011154530395334948,0.015316432408898633,0.010695672605102133,-0.021740026555800433,3.568867073743326e-4,-0.0029004470899424563,-0.08290604801779197,0.023720278203339586,0.012026193551187793,0.013696379333643632,Nov
1996-12-31,0.05515328007344672,0.037482154379502426,0.06841690350898347,0.059510626678731596,-0.0030504998713768838,0.06528038682414164,-0.0548884835789638,0.018687610542654047,-1.3536146759373575e-4,0.07859677488863068,Dec
1997-01-31,0.00978058469848589,0.008391071222581044,0.0692351990055447,0.005910090962922893,0.004338174388070545,-0.0556926727779908,0.013511727280136922,-0.025772568349199814,-0.008706331528493412,0.035725623154618844,Jan
1997-02-28,-0.04322631394650365,0.004531571944666637,0.04349921400729035,-0.043548635926945516,-0.06874658459167457,-0.06688649307534715,-0.028137754888137915,-0.04979605836319142,-0.05750404652316572,0.026964247209783028,Feb
1997-03-31,0.06262851870392647,0.05345497182810195,0.03219912350711115,0.05676360536750434,0.053582983183660594,0.04003704600200499,0.06561880498046391,0.0012544103504939553,-0.033460710962471094,0.04800465794999473,Mar
1997-04-30,0.04491828807563786,0.04094550428752508,0.031185195154736924,0.05692544404418883,0.13514925090415741,0.10247478620050084,0.0425746824061031,0.10443883448042733,0.030077430789840237,0.020636033257389202,Apr
1997-05-31,0.045569649775703346,-0.008671001476313405,0.05901762604125994,0.0425350373760597,0.03071676922300966,0.024570054166840438,0.02563280034241369,0.04017882420085649,-0.0381464098024513,0.06353359233309595,May
1997-06-30,0.0685273166279374,0.063404845769985535,0.1524176309679827,0.07524272262384936,0.06433283941130373,0.09964569652783573,-0.011255390577227709,0.04467664319858688,-0.010115912596886245,0.08951356827987929,Jun
1997-07-31,-0.07581949207288464,-0.0199552654016749,-0.12059241731250772,-0.059161916698421455,-0.15008765527656417,-0.004619820361281422,-0.1097802690069484,0.021363445596667467,-0.08531153880546968,-0.09831960585695229,Jul
1997-08-31,0.040269883581606165,0.08505443587304833,0.0524684079526726,0.05178908190562218,0.06430596626342966,0.05525735196554476,-0.018143609645593053,0.06931246443526337,0.07934377067984516,0.05635121336823446,Aug
1997-09-30,-0.06583015136825998,-0.07919884532805163,-0.10149200628257223,-0.035086077635503005,-0.3538008519474434,-0.05919402488276364,-0.07947403297408583,-0.04768387635877849,-0.20900975368444277,-0.11218287783723614,Sep
1997-10-31,0.04943081912670356,-0.009311248038129943,0.04357068201935349,0.043621453075063196,-0.035003198851986,-0.005650772395364439,0.008587365944705482,-0.007738857666609627,0.04508149559948485,0.013110926411546556,Oct
1997-11-30,0.010573729474505371,0.052734217439613006,0.05454914962794978,0.015609138949014363,0.019969015959175718,-0.024040896345903267,-0.08385917198342975,0.016379760362883213,-0.0846880834964483,0.01976765911214027,Nov
1997-12-31,-4.678845804604058e-4,0.06099681711446518,0.03944859270581073,0.01009900969991813,-0.14943653483052288,0.02834733506370446,0.08529630453889706,-0.01607748237449173,-0.19436604201007834,0.055320906131782845,Dec
1998-01-31,0.07730399373402931,0.031242619195684565,0.04640453894131785,0.06807836696267337,0.15828499595074008,0.07653478381693474,0.008751528696361286,0.07129537675526323,0.24474771772363355,0.06597478716826419,Jan
1998-02-28,0.029445823359604967,0.028191172437047638,0.0818878909204547,0.048738462034261035,0.002781957287907381,0.03152102628627845,-0.022367103191463535,0.04000492363137684,0.008135106617105498,0.07378798470196102,Feb
1998-03-31,0.029312098836690188,-4.2161005765096527e-4,0.03043422027271787,0.009035525668709443,-0.10134622922037924,0.01632817589547896,-0.049401691772095004,0.004587162026492716,-0.08721780360530385,-1.9404488593846843e-4,Mar
1998-04-30,-0.018552792783061565,-0.010505543856352802,0.05411795157666639,-0.019005692924653487,-0.16512735962385217,-0.0509275802564247,9.346993641783643e-4,-0.05593739130560528,-0.1750329782826219,0.014340976174047898,Apr
1998-05-31,0.005721118231914535,-0.006511023496879258,0.05258946878561498,0.03868041440590298,-0.05758345550075624,0.06789305921340824,0.010129229298990359,0.001684927240944797,-0.16184604990430193,0.011374116074297879,May
1998-06-30,-0.008485535264498915,-5.994331154348973e-4,-9.584103734989001e-4,-0.01168331189381326,-0.10831592997299641,-0.016867275892706216,0.032696219222151164,-0.08587715548457805,-0.005444706434088472,0.00451220096162355,Jun
1998-07-31,-0.16407317938085889,-0.10528055541688909,-0.18776852703348398,-0.15758607904235392,-0.06548873618095277,-0.22082368845830047,-0.14465172794203496,-0.21676130490307635,-0.2172059978301315,-0.13915205329488822,Jul
1998-08-31,0.03858719203156933,-0.014720147157640924,-0.06386884588119494,0.060526278738766016,0.11337888566766345,0.115544307396959,-0.04188345086763813,0.07312885711886465,0.12778745135683042,-0.09936687210745089,Aug
1998-09-30,0.09143465814653594,0.07909926858919007,0.07072963434078765,0.07723343771099984,0.2830259490920992,0.06296094731913454,0.013902032946474978,0.03929054888907578,0.2500841880048289,0.1308240061542914,Sep
1998-10-31,0.05882932074983146,0.05173415240245565,0.06336907911940534,0.0574440362556288,0.017918158715243042,0.08889802429050264,0.08665314114285552,0.05050627015538201,0.1569100669776139,0.07409855000522793,Oct
1998-11-30,0.007091510286451451,0.027453329667962163,0.00191132800501475,0.05484350716467426,-0.020640163692143783,0.12838138445163888,-0.06836114765320667,0.05908683426667553,-0.011032293444943348,0.08952229654908529,Nov
1998-12-31,0.018856388062999524,0.002275297177835286,0.039756533380628865,0.040190859271553886,-0.04879160226668238,0.1267651271144078,0.05094761538723883,0.012388603885671166,0.020207900827958668,0.0011423587152528888,Dec
1999-01-31,-0.005680827515355207,0.04117564343371268,-0.05974954491659895,-0.03281513791914913,0.038569749367979064,-0.09751165588160349,-0.012215298099070182,-0.0853741946435832,-0.010876139659685972,-0.031861355786818514,Jan
1999-02-28,0.05016048811226273,0.018889633375171796,-0.013019953845723905,0.03806063221197485,0.09494275337934145,0.0735636407427949,0.09767734293975934,0.013648065378425273,0.07077934267251036,0.03374409375279139,Feb
1999-03-31,0.09753300967155613,0.04193739602114989,0.10136923549399832,0.037241860279727264,0.19077678283269675,0.01977456387323625,0.05119264854667459,0.08477689077801773,0.21612493823778245,0.05027882017993947,Mar
1999-04-30,-0.021482128734426835,-0.05103467469999596,-0.057837915454591465,-0.02528753241458605,-0.090504202443942,-0.030224474557127564,-0.03961827341342051,0.013471373930220958,0.006021650306092528,-0.03968463237934115,Apr
1999-05-31,0.03806828452901298,0.013945004654513506,0.05401031690056359,0.053008237497592654,0.1085642787287675,0.08488826770377537,0.08569157263282409,0.04240003273069805,0.12657915506871872,0.04814115307751045,May
1999-06-30,-0.028760738691942088,-0.02224785446289407,-0.06202618732138617,-0.03257080876784361,-0.04975719915876722,-0.020434165879372006,0.014337073559156439,-0.028612964779008022,-0.017883915470841078,-0.060496876723725765,Jun
1999-07-31,0.016240284224650337,0.002885819856790229,0.035163915539609444,-0.00627373080270286,0.0210146920561149,0.037582118733505025,-0.02215845504077241,-0.038831379855852444,-0.014135669065840769,0.03666698864186435,Jul
1999-08-31,-0.04645117258074431,-0.03604365358556303,-0.02620782914773003,-0.02896732323629056,-0.06298801565840492,-0.0022443138392976886,0.0071763461961270964,-0.0012395754642189878,-0.045810450525802564,-0.033735171944533994,Aug
1999-09-30,0.037427545899023425,0.03677926894675386,0.06714663389747698,0.060661836771917145,0.04045683408181023,0.08340927339051173,0.01983356062172644,0.003131126224033958,0.012786877604718735,0.07420734649795888,Sep
1999-10-31,0.013608622047730659,0.053152266849295506,0.0661313299742039,0.018882457620131396,0.14441468865637835,0.11594540637553567,0.03152040126424944,0.05765592455166215,0.08539488377093025,0.09742186527349464,Oct
1999-11-30,0.05549486424551296,0.049243354802091015,0.16644061943068603,0.056232775174478035,0.10461272742840033,0.1971733429946867,0.019792850540475318,0.10578989185058577,0.10464474526618617,0.12210931690908297,Nov
1999-12-31,-0.05003359115884991,-0.10035160937800232,-0.01828233700824955,-0.05224485092059982,-0.09367737702327827,-0.0605214215703275,0.03130685164402453,-0.017043537506725756,-0.1150751767133318,-0.034562998878972115,Dec
2000-01-31,-0.07688478500095995,-0.005743494637518247,0.11104147211630366,-0.02031300244169925,0.09584346170884224,0.17034378477487724,0.021412490672978155,0.15203249965191626,-0.05561829616625803,0.07835452632101292,Jan
2000-02-29,0.0754570108186634,0.048174178920449284,-0.00602305549854953,0.09232375056016141,0.008033168930056803,-0.03438889584554271,0.015222489678173868,-0.06918946780555763,0.0016050489592197342,0.0027487082884234304,Feb
2000-03-31,-0.011980416137924024,-0.03307838206283864,-0.024657428584575026,-0.031279910717877474,-0.11693889503175266,-0.1521030959455611,-0.12307933442250932,-0.06272209465561238,0.01318668101152262,0.035615810908366005,Mar
2000-04-30,-0.02135211928516203,0.005044624074833074,-0.041041203117311305,-0.022158752303305253,-0.06811584665098953,-0.14464219206259576,-0.09606437687218097,-0.06123469911031613,-0.19057556521524938,-0.04399478108636392,Apr
2000-05-31,-0.00804382247526786,-0.007354769579827432,-0.03130439830364308,0.023651631551619454,0.0976396024987516,0.13306941078581527,0.06470885072053469,0.08269169187791864,0.11877654831980504,-0.024923217071277357,May
2000-06-30,0.00682998583959262,0.008297824863069809,0.039343258637557235,-0.016476267516363337,0.040221067014659106,-0.04758868570323105,-0.10402407094570416,-0.032619654212045185,0.003457570366348637,-0.012456251646715334,Jun
2000-07-31,0.06362078151475165,0.04716327182276468,0.0031116837359648646,0.058928223920216696,0.004870462058830799,0.11192373953743241,0.06598391259469585,0.07176679629477015,0.04243795394735079,0.013792946091752146,Jul
2000-08-31,-0.05201063843502824,-0.05839599943069252,-0.06040412571968482,-0.054966320904054886,-0.09510402035680175,-0.14646493643760602,-0.07153674457667278,-0.031194153322357105,-0.07787753294489326,-0.0751217983918979,Aug
2000-09-30,0.02885796218913208,0.0226514414088546,0.03997937169723463,-0.00496874339767369,-0.04532661585603234,-0.097435778576267,-0.0790567148401696,-0.046502666713132336,0.002842321104229057,0.01907969567058658,Sep
2000-10-31,-0.051620595194613886,-0.047097030902775665,-0.10726158781052535,-0.08345618776462374,-0.06633003511263565,-0.2441980803132354,0.006235704368891527,-0.10977286783436863,-0.03334770957184587,-0.061647794466490866,Oct
2000-11-30,0.03501747500160321,0.012988739340385044,0.008483723717513166,0.0040452524515355755,0.07347097217452192,-0.06789833113264607,-0.057426719301417795,0.0809289401630248,0.0019844706727316155,-0.01391663069733727,Nov
2000-12-31,0.008897483103586824,0.01198097398501829,0.055055833165073856,0.034050231805694865,0.0649428933286015,0.11393147830148706,-0.003932003296038183,0.04999580982624353,0.0349950010528397,0.01649967619085495,Dec
2001-01-31,-0.03644352848774968,-0.062171089569845496,-0.08936281001610934,-0.09683114532008048,-0.08225290975816167,-0.25309529202974546,-0.06442770600270493,-0.0691432200313175,-0.018836584575457036,-0.08651982389511467,Jan
2001-02-28,-0.06034314331047981,-0.04921518516151825,-0.06358071328402114,-0.06635853426743006,-0.1412419045032755,-0.14447653165502794,0.01458156571180062,-0.05158403353247692,-0.1451654173016693,-0.02312362341705488,Feb
2001-03-31,0.08328157445923999,0.05747783402668047,0.06959263042025246,0.07400701726274317,0.04865682447441135,0.1424765748626127,0.06498068535786235,0.07438381632074864,0.03293879188653606,0.0767281354154285,Mar
2001-04-30,0.016436728285569652,-0.029024949073211775,-0.02400543569639085,0.00507727591229929,-0.03151913244177765,-0.002720781111786374,-0.06100045978973187,0.022795625596592175,-0.046400654076366975,-0.02250237096059829,Apr
2001-05-31,-0.03840315802746267,-0.026858064786089635,-0.010603215061328348,-0.02535410516593075,-0.01533656370706012,0.013710490479771196,-0.030079606535092927,0.0319903902150115,0.03718445631018101,-0.03951150225520786,May
2001-06-30,0.0016986478344705436,-0.020302158339665706,-0.03233519106537353,-0.010830942715822418,-0.05923414730660857,-0.06198609813803987,-0.08628763303169922,-0.05712638402154411,-0.0365558579515625,-0.05076474154922141,Jun
2001-07-31,-0.05643204593075239,-0.033863526892879435,-0.12171400581599312,-0.0662556281904085,-0.10969700174379445,-0.1278016876536927,-0.10676578192402127,-0.03403102020279587,-0.030389761375357677,-0.08894106498147888,Jul
2001-08-31,-0.11712736847153263,-0.08623272241726584,-0.18731701650447433,-0.08525663311144908,-0.1055835534275414,-0.18439327954430143,-0.09321090400504295,-0.1460981419381189,-0.20651375849672376,-0.11319621523336948,Aug
2001-09-30,0.025576811026338762,0.02741777313517709,0.055020547092812865,0.01793727237282619,0.007847890853834884,0.12509806787947184,0.059580243976144455,0.05595432776868619,0.02839978135859296,0.08089416733817836,Sep
2001-10-31,0.08073541239111569,0.03200411738346233,0.09081704145235639,0.07248428006599945,0.10934873430902521,0.12395039181312237,0.025261680652271818,0.0734003601480456,0.07621517580845584,0.04167067737478827,Oct
2001-11-30,0.017377013078829235,0.0026484621564896627,0.034205658452494,0.007545296712244154,0.01264669964575729,0.018248983993236937,-0.014317552815498286,0.05839704419384975,0.09273891457874377,0.043091906296343165,Nov
2001-12-31,-0.010200814590484214,-0.010132832837010943,-0.009285949665501234,-0.015696378697236606,-0.05820839777667636,-0.015977947859912658,-0.0614092120202635,-0.01111578750268769,0.09662559112608894,-0.022974917325682864,Dec
2002-01-31,0.01828282896198082,-0.012429742957071386,-0.013874092653488827,-0.02098486139126343,-0.026498093987447444,-0.10793127493527419,0.05442777427531634,-0.02885365132095732,-0.05078721905108708,-0.015860888548735796,Jan
2002-02-28,0.028556721841547433,0.032935224283482535,0.07128051025961978,0.036080107397161984,0.05391033353471551,0.055633635592697815,0.03541168977108333,0.07605397010757474,0.049018677070488216,0.03734795984283719,Feb
2002-03-31,-0.044812302848198364,-0.020350541922493397,-0.06497729524059935,-0.06338465500030326,0.04130378101913462,-0.08314037379713611,0.03420629873480341,0.008278285029742432,-0.04601617608520121,-0.04639130104513306,Mar
2002-04-30,-0.0019778810949462006,-0.015706567039249424,-0.045581951354302236,-0.009122969098122347,-0.024095202154626107,-0.0412425392344768,0.019191488921316203,-0.04649486234881665,-0.038545546253288446,-0.04242044990016931,Apr
2002-05-31,-0.07105545122513693,-0.08807211791688244,-0.09474035441040213,-0.07521435026017557,-0.06754858536132761,-0.09777310675673938,-0.10552960493730407,-0.05227950586162267,-0.07665786387505108,-0.07651146669310399,May
2002-06-30,-0.055940778031902914,-0.09221808509457685,-0.16801579918132278,-0.08229988439463343,-0.023463789736150764,-0.09253718472234379,-0.07572523402332174,-0.16459488142572146,-0.02817343999363043,-0.15350203486681605,Jun
2002-07-31,-0.00794206979969234,-0.004461065992773988,0.0036776680123536427,0.004869557516394645,-0.01978142143990595,-0.005778605825010611,-0.03003417394173309,-0.0037274979780849145,-0.01460563082523558,0.0575195221519832,Jul
2002-08-31,-0.13154450503184104,-0.1273560098676337,-0.2894815981132937,-0.11656114051860303,-0.10132834686153715,-0.10565310341717445,-0.01916973698710787,-0.07621547013899291,-0.09371565071984389,-0.18001745898862073,Aug
2002-09-30,0.10064606104756321,0.08196298426982121,0.12839150912041486,0.0829143967478961,0.022913248093518333,0.1192561929780248,-0.07242979779164732,0.030528244770223676,0.08383514281858206,0.10559915034363149,Sep
2002-10-31,0.05789935527588203,0.03160169740113509,0.05196375365614485,0.055500571250327826,0.061641772309396256,0.11286630550454732,0.06314095622040194,0.08429686739193781,-0.04412083683473664,0.0657987732062431,Oct
2002-11-30,-0.06512407750106768,-0.05648990093280314,-0.14162569949401801,-0.06222926703765793,-0.08102219307761958,-0.12143119300968098,-0.07082740307362645,-0.05896949123096422,-0.03810065013346437,-0.10947166365757907,Nov
2002-12-31,-0.035203254623391814,-0.09944520445773691,-0.05344389983795673,-0.027797487603989514,-0.008034368036291931,-0.019507050079569103,-0.03879998902447176,-0.02891916401635031,-0.035433095043190324,-0.1150264218661097,Dec
2003-01-31,-0.02040359136302006,0.02442325355301549,-0.07681047403433011,-0.017149829750079986,-0.022186316382181593,0.009600961680782602,0.009308991850563443,-0.031803370886221774,-0.02015895098788929,-0.05895447387322095,Jan
2003-02-28,0.012830710537822868,-0.011638769454495148,-0.05219346274033264,0.008322837467498305,-0.0570600679745508,-0.002264050743561243,-0.051867953918869926,0.011088906308710515,-0.008271317591974234,-0.05051257934107786,Feb
2003-03-31,0.059176144992593424,0.08299960008467056,0.19276050175181783,0.077927339742111107,0.012516569602708652,0.08310344514625978,-0.009621031917192067,0.0895227630558783,0.01676301342133827,0.11718356236897198,Mar
2003-04-30,0.04291556690851471,0.030626563591967252,0.014848099894333595,0.04964571204983419,0.08578583374080473,0.0869550057266146,0.07650504714749022,0.10088580290553183,0.05365257407146973,0.0025009440613205447,Apr
2003-05-31,0.015024227960668483,-0.004183573217174888,0.07397713868416406,0.01125859799063666,-5.104249656449762e-4,0.006615420532478063,0.06750180306464322,0.016573897811935905,0.05751806695955264,0.016720937119350996,May
2003-06-30,0.027463254619203726,0.030729574041438775,0.08077388609078817,0.016093504459204055,0.05280233931348836,0.07026082979614445,0.04991166032785063,0.05988565626672983,0.07311516580825528,0.06261135280394271,Jun
2003-07-31,0.01964195651360021,9.858256774388952e-4,7.952523736142864e-4,0.0177153557307423,0.06872718856730466,0.044512241756251666,0.0697513605692597,0.04397491873586143,0.021265647577966763,0.030583695108670476,Jul
2003-08-31,-0.015152483509012337,-0.016916706008942416,-0.07011933771572453,-0.012016271605865483,0.026353433783069147,-0.017188387819242798,-0.01750703268686606,-0.01977532707849759,0.013712724263429708,-0.08211103077679524,Aug
2003-09-30,0.05498003807308868,0.046864378752840115,0.11594117720182408,0.0535042604645307,0.06942329242361027,0.07250687454567686,0.03145863609591723,0.07985336998555714,0.06139862935609749,0.054174468115104193,Sep
2003-10-31,-0.00204238843272311,0.012746110952823143,0.02386528537934283,0.007103216168756942,0.007744916049744729,0.00971408929225247,-0.05705916819341926,0.03403981531866449,-0.01031419823829359,-4.4465721884905666e-4,Oct
2003-11-30,0.06609069094206874,0.030457551088587553,0.055065282508042185,0.04951898518270998,0.02167744188989633,0.015290753089272227,0.0648602508287583,0.018850974488990563,0.023434560745632205,0.03166239177346561,Nov
2003-12-31,0.003374283191419608,-0.019442108642481106,0.022313849025474033,0.0171288471121341,0.04812296399048898,0.027015055372659493,-3.91232664088287e-4,0.04193400933653911,0.0440086915351313,0.014753521941010622,Dec
2004-01-31,0.009125064917673157,0.02285389080036498,-0.01104587481707964,0.012135044877681666,0.05534480678453693,-0.020629914709983613,0.023549171312577662,0.008231043053373537,0.02874182941135203,0.013669774145179885,Jan
2004-02-29,-0.02144784593795832,-0.02399331022490403,-0.0430086218565825,-0.016494203768324594,-0.10042426862962696,-0.021185902728769964,0.05281656140464365,0.008079168366135887,-0.020852401892075777,-0.04594522738567874,Feb
2004-03-31,-0.012821303948400392,0.023436635143683316,0.03235293671138145,-0.016933314613340047,-0.05983899053757998,-0.03896725835016047,4.787732826083818e-4,-0.05306826360868745,-0.007986362278636585,-0.011492524236827277,Mar
2004-04-30,-0.003802891429222249,-0.013228298680570095,-0.013039982485802725,0.012011028138810899,0.02675528435421438,0.029638544023167995,-0.047030024649070815,0.015034750389931309,-0.029053974186347697,-0.020461125910564256,Apr
2004-05-31,0.024081547051786,0.0075100190853656015,0.03220271930523358,0.017829111261681307,0.009282887957699546,0.03441208133319521,0.05674364162362368,0.040081222964462586,0.02792716067072361,0.03540684381314725,May
2004-06-30,-0.02861031029792688,-0.011490235655648776,-0.045844667492808716,-0.034892234735206334,0.01528781813706139,-0.08047791954065887,-0.05225376467134567,-0.07043458241910981,0.027547093558991886,-0.031330673550394275,Jun
2004-07-31,0.003492429770420866,0.010414346753386546,-0.02761107884487595,0.0022847378381895284,0.049176915016004435,-0.01983893783258893,-0.017235896870054116,-0.006113417793120536,0.01648255411779295,-0.009491307877590798,Jul
2004-08-31,-0.008874019432929765,0.02469644231586069,0.025688698451546685,0.009320306381454589,0.015043993242421722,0.03403352512751905,-0.025655722152129582,0.044633473893644006,0.032392206129062344,0.012783606697867525,Aug
2004-09-30,-0.005427327327848446,0.011615223571016417,0.016574990253706148,0.013916951999808542,-0.022159201411322937,0.03367478846069329,-0.011241539855665483,0.018760288753771205,-0.0031605738279611175,0.005577921257505755,Sep
2004-10-31,0.03904234842484713,0.01693974436771905,0.04076647113845573,0.03786877681264513,0.07536185553886622,0.05960577365103664,0.015555410530931747,0.08214485271533296,0.019350969169479697,0.01483626128305074,Oct
2004-11-30,0.03368824093827889,0.023347445586278666,0.03527844643714645,0.03197658014831518,0.01588283115344822,0.03311495646261435,0.06270764398417522,0.027698701745583525,0.01800101578119951,0.012969865008873968,Nov
2004-12-31,-0.027623627758228426,0.007862164003074261,-0.0014255493076173853,-0.02561576734361189,-0.03539308343099436,-0.05762624628307719,-0.0061875468409112715,-0.04320239470751885,0.014980643453273858,0.004893719929039032,Dec
2005-01-31,0.026018723085845595,0.023665204532887896,0.021806093302882655,0.01872689800322802,0.03446659030214229,-0.005613660959962961,0.027509856929232,0.015961132841003485,0.010310587733403062,0.016307789297163422,Jan
2005-02-28,-0.024942088303607668,-0.015026309297662528,8.120041478724605e-4,-0.01930276111350908,-0.0373455613021086,-0.02871496214129583,-0.0055710269063398,-0.030407490180692005,0.009614439594473532,-0.007404445931581939,Feb
2005-03-31,-0.030157316500325673,-0.019121611902699898,-0.03825438535848218,-0.020313511294501645,0.030165772282278337,-0.04449766183577939,-0.05147742791018375,-0.05977751894640475,-0.007560983861102604,-0.04374104465551085,Mar
2005-04-30,0.026670254209061314,0.03324180485344213,0.058152834174102476,0.02951224413109721,-0.007369390947223647,0.07268226610533925,0.0290050278714978,0.06244035797685085,0.007303038294112957,0.04236090007089148,Apr
2005-05-31,-0.01812106336800452,0.02961360210595573,0.026280554226880457,-1.4272441040996393e-4,0.027397354343550433,-0.004980391483078301,0.031843964829767375,0.03653781010165444,0.019717101216794562,0.01764956243866253,May
2005-06-30,0.03512951172854776,0.0325361025659449,0.06380835282190558,0.035336532551987196,0.047662741184623804,0.05836132632720292,0.0277979738177123,0.06078834053206614,0.06119577031351074,0.036085854462245964,Jun
2005-07-31,-0.015166487116222297,0.00276015325800295,-0.010852610939054605,-0.011285547781927063,7.262206138494707e-4,-0.018142169341703752,0.04163088562440809,-0.01966992525190851,-0.03376433759794192,-0.01721124474394418,Jul
2005-08-31,0.008290706117025076,0.03356361515527765,0.03993339154973894,0.006924991496611321,0.026068415810198742,7.717434393506323e-4,0.08233527193961618,0.0019335512794305223,0.0067729370142357494,0.04358440598027668,Aug
2005-09-30,-0.012321177680104935,-0.0297197213749858,-0.026411868992420737,-0.01790003404276953,-0.06807783672639084,-0.015165234239846262,0.002966200212597285,-0.03224540205435993,-0.03774016448168512,-0.03817300079262659,Sep
2005-10-31,0.034438198429951154,0.01972046403869262,0.053488719030590715,0.034581213385394466,0.030712938553706545,0.05662962830352026,0.08076621825579929,0.04635620163759863,0.04178698058327806,0.039836532503090966,Oct
2005-11-30,-0.008226417427121829,0.035432000178448775,0.03724386652877415,-9.528027648428361e-4,-3.219366539721074e-4,-0.017766093552380804,0.07717828244990081,-0.006027381471309136,0.020634632934516,0.02186382994111999,Nov
2005-12-31,0.013581217827075387,0.024871439562741404,0.04762725772458961,0.025147895614926353,0.05944598434926999,0.03949346800172397,0.0215625672830355,0.08534640468013036,0.024122826127109632,0.023872552924775855,Dec
2006-01-31,0.01201270045875758,0.005401802557824368,0.023388949461873563,4.5305498581463483e-4,0.007569499734614875,-0.005560155948328586,-0.023749090795105617,-0.0034976494187923704,0.022940812171214776,0.012307457616457658,Jan
2006-02-28,0.01050297574941304,0.029450686504025526,0.027703149303109912,0.011034703559257248,0.0023329935755790135,0.022317610441008016,0.062453032918764965,0.046137960309715925,0.02452254820881793,0.012457443991352964,Feb
2006-03-31,0.022611111813124658,0.009760081321907269,0.003468644307268138,0.005915463667849194,0.04645708994642375,-0.012693700930646413,-0.01300952401073578,-9.151800435371099e-4,0.02636815419582465,-0.010038250066990509,Mar
2006-04-30,-0.017702797041532697,-0.05096920680168416,-0.05494051501877354,-0.03140492891059625,-0.05560176853550624,-0.06696722188495904,-0.09034709673679922,-0.05862129632012785,-0.0921066599205954,-0.05424041378495658,Apr
2006-05-31,-0.001685589834222105,0.018967117553161435,0.0010175787315278501,1.1802145471824685e-4,0.028039463844128202,-0.0035524575886174163,-0.006305084369394577,0.005063334675799414,0.016990847586551047,1.6166199630958806e-4,May
2006-06-30,0.0032540715726491944,0.016137457139983286,-0.0010606510749390195,0.005183129307170174,0.04106117669135983,-0.0404985067782326,-0.007511439839958006,-0.033808800428851905,0.004130425165055448,0.007872514202471101,Jun
2006-07-31,0.017402816172020157,-0.0037517294026287377,0.03147541399951655,0.019587372595778106,0.023387901901215886,0.04851219827204588,0.04779097442913631,0.02810708021335096,0.018601765472331337,0.04513938055147303,Jul
2006-08-31,0.02569932621625848,0.00921893583862237,0.024117997187512917,0.02428466030515045,0.009730846928464026,0.0286882537631794,0.003401857022143146,0.007011952906061837,0.031496886990492225,0.020341885301413173,Aug
2006-09-30,0.03382013887220539,0.027859599993152073,0.04062648571967302,0.031044292387729332,0.04357285053570548,0.04746429075672126,0.014148348369941263,0.05529305564212919,0.049429788117072264,0.028447172442049265,Sep
2006-10-31,0.011659965894816358,-0.013187846408092872,0.007394298735921962,0.01646313974752376,0.031290115190374314,0.024257953887834197,-0.003948709676049674,0.024857343791026443,0.04729019965816674,-0.006776223042364621,Oct
2006-11-30,0.019623015446484933,0.028038611473353688,0.04253874839010098,0.012536866895427328,0.05361351262336593,-0.006380472849593416,0.05444647282396333,0.002478694781977484,0.048792907246238,0.04666747231012075,Nov
2006-12-31,0.012930198967316104,-0.0028493016062278685,0.02602086030585495,0.014151531994430453,0.005064926693871067,0.013981596138218979,0.0035106393782186134,0.015145260142525456,0.035768249793385685,-8.564104154490627e-4,Dec
2007-01-31,-0.028015389393062258,-0.005107262689402773,-0.01564220018379929,-0.021851932748445706,-0.030078168627881152,-0.023693317594227725,0.012983738059896825,-0.010932124967199315,-0.015065658209324385,-0.0299355017840358,Jan
2007-02-28,0.0069626076178391305,0.021876748898945603,0.029754322175053503,0.009944655088350345,0.011125294971494204,0.018530069798285205,-0.014618747208403674,0.016483127853145135,0.0305941452562074,0.036468659502167475,Feb
2007-03-31,0.05575497867816269,0.02213745324296362,0.06954480824996771,0.04240097802857393,0.020835225197755176,0.04029672940999675,0.0031174334234887547,0.015838566599841147,0.03672988497118716,0.04726879611962798,Mar
2007-04-30,0.04233538912014401,0.02636580804112626,0.05919716011443207,0.03203072385438831,0.015407564745448795,0.029048884539349885,0.027187460916762406,0.03825891019190085,0.033466228760558984,0.02700645547270559,Apr
2007-05-31,-0.016279368675319907,-0.0020409250506160585,0.014607862083722098,-0.017976943517687454,0.049690661538535214,-0.00413247056367738,0.010443344449907535,-0.017737855018371003,1.5785531056948683e-4,-0.014856496209703801,May
2007-06-30,-0.014846070852525416,-0.0382217721940992,-0.04953365487932933,-0.033375517492226024,0.0522722604908134,-0.02754804609528703,-0.05031864009500558,-0.07441718165846159,-0.001639192972312585,-0.0351893147554255,Jun
2007-07-31,0.011039393070854286,-0.008970841062625082,0.021947174175929188,0.01284336127845372,0.04110763119582847,0.022537149918037628,-0.03557813345307127,0.02282236085754208,-0.035644586142760094,0.013481892868908973,Jul
2007-08-31,0.03942976828291064,0.02560809074649715,0.02810472275298628,0.0351886632235751,0.13938615341225608,0.03968905219056497,0.016495621136530667,0.01620863659104278,0.08893747780199894,0.019756966329583108,Aug
2007-09-30,0.0024653322687768556,0.03864487042154613,0.021163332630449536,0.014359905530787668,0.14419687708537002,0.05568931657049783,-0.0021168600474869405,0.026903991064077797,0.01876819157870462,0.018010639739594388,Sep
2007-10-31,-0.040483463391295195,-0.04396297083908018,-0.019364029019538643,-0.04272306008960064,-0.10401600561976478,-0.06335499189638735,-0.0697177335296121,-0.06932015292519383,-0.08606974828254349,-0.004612792991391651,Oct
2007-11-30,-0.007764786397385287,0.0037860461047818667,0.026112298415667645,-0.007645938379918422,-0.03575311530058761,-9.910642899516003e-4,-0.028318486387886525,-0.0028287602106676513,-0.019105279310080447,0.013873975481502222,Nov
2007-12-31,-0.047203552750759575,-0.09362659671632038,-0.1606672775826737,-0.0628482165831179,-0.16386648006380575,-0.10479915950444595,-0.1088627663648709,-0.07114957179045464,-0.1495353501387451,-0.1345923628826998,Dec
2008-01-31,-0.029858620376206464,7.650394622052943e-4,-0.02170366450314883,-0.03541595601159162,0.02243276681486947,-0.05194072159411277,0.006288878247146005,-0.04103065076667046,0.003492038686128489,-0.03766792435342929,Jan
2008-02-29,-1.1992408458042238e-4,-0.031453208795014,-0.02389142362928898,-0.005842129038198415,-0.027725575107385828,0.003445923211323235,-0.06844493957853649,0.0027946963027211153,-0.006327646217391931,-0.01299381485152565,Feb
2008-03-31,0.044133228824799885,0.06537005639622916,0.06384777470018327,0.04364994696420404,0.1094623471711464,0.04505235522458131,0.09937695694296128,0.034316636404743826,0.04563797862641772,0.018861629354731037,Mar
2008-04-30,-0.014143452500370454,-0.005567984459986105,0.016298564010546045,0.010343397345194991,-0.04861835097530495,0.0429977955482538,0.038094775187481486,0.04473980658681281,0.014141301264206905,-0.012408610566788832,Apr
2008-05-31,-0.10746342574421347,-0.07325569929324416,-0.10075532236834457,-0.08934068970245859,-0.1047291697564617,-0.09234898453611325,-0.06194976131932304,-0.0805088389220578,-0.07987099557085175,-0.10405925005199987,May
2008-06-30,0.00293802822533501,-0.03878070330032745,0.013280041441869695,-0.0073189635163572655,0.042494423360667784,0.02231066501436729,-0.01026726827583217,0.03961154021905879,-0.006088008873632236,0.022509150401994454,Jun
2008-07-31,0.014314621444845228,0.04068084966560534,-0.006009337473141772,0.01050840270397302,-0.056505691201321574,0.017336142482451394,-0.015461751809897149,0.033803657607561384,-0.06694327434301935,0.014671923015347758,Jul
2008-08-31,-0.06208107825491601,-0.1395357851493274,-0.09323886374981906,-0.09907082195651065,-0.15321811089293721,-0.13828443507386193,-0.13883248252829497,-0.09207028721948196,-0.14974004354160342,-0.10198439331416802,Aug
2008-09-30,-0.15122544315783404,-0.11331322768042507,-0.1619870790814003,-0.18375712286497176,-0.24633041495353342,-0.18713295706067182,-0.2842340487738543,-0.22953770540300134,-0.27364039780033084,-0.16847684313233935,Sep
2008-10-31,-0.05476419879221862,-0.020611627639438357,-0.07912898792848444,-0.07771575596984752,-0.03868472810393176,-0.11277712993753365,-0.022132714974554234,-0.12567520258340234,-0.034953388694292264,-0.0713467163209245,Oct
2008-11-30,-0.005737583059213411,0.033526836383836335,0.0332007163462752,0.016340942812121076,0.04348271521998287,0.0526883342066034,0.0456326045702747,0.06818519224671662,0.016593989452650934,0.0672677048647004,Nov
2008-12-31,-0.09204431114256723,-0.06633529248054999,-0.11289598572176104,-0.08926197751339873,-0.08444686181503563,-0.06708912978020963,-0.11754993851487956,-0.11886219697763521,-0.008603222290452173,-0.12564660621831308,Dec
2009-01-31,-0.12465904880699834,-0.08012102957271049,-0.11429944372200805,-0.11307260608957437,-0.029413487471309677,-0.05850141079534057,-0.04395504856205814,-0.12589020427951758,-0.09080436622285738,-0.10669348527961817,Jan
2009-02-28,0.07537489225547422,0.02475565360948785,0.06766459726204632,0.0894903415557467,0.08076912806394052,0.1197106608123308,0.08425155155843755,0.08317591184350741,0.06383013773166757,0.09533955555430337,Feb
2009-03-31,0.07128430081003863,0.07778898446496202,0.15741181396059142,0.09515090043290192,0.12143237182188728,0.13204680613094805,0.07707784492390903,0.15061204532186376,0.1218486610328002,0.12436105789856414,Mar
2009-04-30,0.039953131199252215,0.04022887170942126,0.03530023855169281,0.05180079014587441,0.15763360021010558,0.03151142449285223,0.07337106001741604,0.02726328331437379,0.19300234946577574,0.03145339270672528,Apr
2009-05-31,-0.006434830664721343,-0.03893367206823642,-0.03744235420317825,-0.004276621876610095,-0.006572360319893453,0.02145423983397668,0.04528929283853234,0.0073258795882640915,0.001741580642443309,-0.05494763629761494,May
2009-06-30,0.08223875849201635,0.08114992810153462,0.10085223657722532,0.06989163813506837,0.09115193996743269,0.06925284516670688,0.046188819425369725,0.08708490483185746,0.1308103533018374,0.07409248225078849,Jun
2009-07-31,0.03456488494803851,0.06316916024083696,0.024778256968928627,0.030238448478039904,-0.04260415676962527,0.0053451523083254526,0.013171850041132468,0.022557496166815943,-0.025248404603351426,0.037110296699892305,Jul
2009-08-31,0.02290800874394705,0.044815721023493724,0.035112285619361826,0.03617840038690365,0.048571758477782535,0.058759916455347685,-0.031104257046552213,0.057980407360606764,0.03026367907212942,0.05616347331384288,Aug
2009-09-30,1.1643747781635607e-4,-0.01754720151382564,-0.04811665695789423,-0.017905019696431813,0.03735645173071226,-0.03207489742475935,-0.003769706356948659,-0.06942746259625258,-0.008054661649910132,-0.024113679622087363,Sep
2009-10-31,0.06311222190578754,0.02855021674260266,0.03902804203960005,0.05578861881819338,0.029171978127145483,0.04637261506693003,-0.058015172063884526,0.02795155259658902,0.030091987361840756,0.012337859934989306,Oct
2009-11-30,0.008110001957818445,0.04191637508597399,0.05229719512943964,0.014643472396071725,0.0027047668504393907,0.04826518155470365,0.12773072100943902,0.070205462722618045,0.058811843331992644,0.031941928436550596,Nov
2009-12-31,-0.035456928040837936,-0.042340337432131614,-0.06333610971660057,-0.03898364178531752,-0.08284701117897267,-0.0662411220843613,-0.039539181733236284,-0.042391434742373335,-0.053981143681162344,-0.0832180879348064,Dec
2010-01-31,0.025132870439870166,0.03149269079559666,0.0019595930157810795,0.02809609695996711,0.03059769930243226,0.03753223239430763,-0.008489422695959679,0.04280870678708652,0.0020050218752158525,-0.023479124638281255,Jan
2010-02-28,0.05010130965896564,0.05894349611400906,0.08486925927118825,0.056345436592305606,0.0183539119616936,0.0648444107495172,0.09066244332452815,0.07340323649067743,0.04846358047227532,0.05557666206536665,Feb
2010-03-31,0.01383917963012531,-0.022488514435446593,-0.008710698361018282,0.013113407630849536,-0.013285100424887957,0.020321376961160202,-0.010929932565161895,0.05011880064700955,0.02973576450692788,-0.05579699070237225,Mar
2010-04-30,-0.0826119997104679,-0.06796696494126346,-0.02621619659580626,-0.08712298377164975,-0.0510205634742118,-0.09110277096195833,-0.10478813213616654,-0.08360226439410316,-0.07756701877235785,-0.07604514229018575,Apr
2010-05-31,-0.03616243169808778,-0.05374711490858905,0.003624027065759702,-0.0534497567676024,0.026602412732942407,-0.06228430470023048,-0.03812506007104019,-0.07588303975663736,0.02967586354129702,-0.012842126745798318,May
2010-06-30,0.06847515604698197,0.06707249562018691,0.04361161558020228,0.06613747638016777,0.04377990482404764,0.06597357011047568,0.025533659487310907,0.06525881047726335,0.05228202551569643,0.08501559365656378,Jun
2010-07-31,-0.04434536206428803,-0.0062576143582732625,-0.043335922623254544,-0.053980513460382434,-0.032808190252457084,-0.07703446178197709,-0.08163586684984603,-0.08796595299222026,-0.025007272488395044,-0.0732064450625458,Jul
2010-08-31,0.07425423257336823,0.060052549397836705,0.048025181080387586,0.08355686310547546,0.08333283879389934,0.10021750567507126,0.05891271145845659,0.11393583848549522,0.04872021025989303,0.011945544611591927,Aug
2010-09-30,0.030015705603255838,0.02256017804998951,0.055646599691829064,0.03418836890271247,0.024277132873852435,0.049288348250185486,-0.0255412395664743,0.03236570044388475,0.014419618941026694,0.040192605760313145,Sep
2010-10-31,-0.01032989612679767,-0.026225520502333777,0.007714582723225777,-0.0043612453042775,-0.015475523722685465,-0.008854964450824726,0.08067552037487562,0.029140882751591282,6.615963728168683e-4,-0.0677188219259161,Oct
2010-11-30,0.05051203068024445,0.06505506611013304,0.0242763209631111,0.058144906113312696,0.002679829594872512,0.04537355527498899,0.028672114793878368,0.06411926197935904,0.014314987615034493,0.025732675329844187,Nov
2010-12-31,0.026802506376939213,-0.00629103999831551,0.014816412980736996,0.022408888273143537,0.013382736265354512,0.008715455080814912,-0.011099666708534883,-0.01560871949928166,-0.0032403346479796323,0.039431578903457776,Dec
2011-01-31,0.027684678722345073,0.022114623887745277,0.019295790036536902,0.029111166227699034,-0.004855768774159576,0.023514291512873802,0.03277304149489562,0.047449797595440046,-0.05468363053476111,0.002086423736212832,Jan
2011-02-28,0.007597151886456491,-0.014316236779935019,-0.037421646145885834,-0.002117228735235787,0.008946860562264364,-0.003592875463072945,-0.09023054844295146,0.02194492182433137,0.031177958542535036,-0.024554304203226154,Feb
2011-03-31,0.038961563810227653,0.026899382211343657,0.05862911842805689,0.02534771048843308,0.0023775354472599787,0.027115336932033652,0.009431381614848258,0.020337369179324473,0.021304948216338288,0.01618003270789951,Mar
2011-04-30,-0.018942299129107727,-0.013250702198522136,-0.037297066533136324,-0.01476556993246272,-0.0015475051432218192,-0.016086880951987338,-0.027538369078089594,-0.020177053870108968,-0.006287350379731266,-0.050078503414350224,Apr
2011-05-31,-0.012413853277001473,-0.007423110114272613,0.008944169124229089,-0.018426185517957314,-0.05594052824768352,-0.01994382409757456,0.011067442022361308,-0.02283292479682567,-0.012575855323619718,0.007353598545336473,May
2011-06-30,-0.022079587862999704,-0.022193089291986663,-0.02968859772373623,-0.021708356352599566,-0.016485286102210304,-0.00676142153231968,-0.004632800895908101,-0.03842268555879301,0.021814919488657197,-0.07406858004858567,Jun
2011-07-31,-0.04468249271353314,-0.07509529671184088,-0.22637951785037908,-0.058707310333793054,-0.10198230981468454,-0.0789810969554457,-0.10101122853852862,-0.10071027960644177,-0.10017389741787204,-0.1191335581785791,Jul
2011-08-31,-0.062161427597120025,-0.05056669724392915,-0.051552269922581453,-0.0746557630242173,-0.1670151497419473,-0.06721830511725795,-0.035756404661566814,-0.12103436585661996,-0.07560586193430915,-0.05623714217225653,Aug
2011-09-30,0.09127818835644505,0.07793915267955083,0.14508766647923302,0.10249228991765252,0.1452534975940346,0.11149650850901519,0.04790165179396151,0.14703540990290725,0.0653323572768035,0.10930829504508198,Sep
2011-10-31,0.007846737035474664,-0.007022960493564116,0.025668036456683075,-0.0032346735621794683,-0.0786366832936308,0.004985052793290173,-0.05154249215696308,0.016337903997931388,-0.05517906114461558,0.030807442457491695,Oct
2011-11-30,0.014124141538328097,0.01207844915409195,-0.0304109695439973,0.008536605463860808,-0.032006825615474736,-0.004030031524834931,-0.014774455709560335,0.008689010470423267,-0.02098108577071648,0.0011705110062991528,Nov
2011-12-31,0.0331339604436488,0.0194250403499412,0.09047770830994598,0.04165863001149568,0.08277464688443964,0.057205731959129064,0.02915939661060327,0.054590098006177465,0.09383358733589857,0.019412066061234662,Dec
2012-01-31,0.024962223816043086,0.032877237367650296,0.055960177452374,0.039756930445952805,0.06112028182160335,0.047202148723042396,0.10101120297856103,0.017351951994619298,0.02961538913698936,0.01658512670609578,Jan
2012-02-29,0.019855928526378103,-0.017698056437791466,0.01667235479917504,0.030690418665672285,-0.048550616280155494,0.037054440376645854,0.03145273701168894,0.019863592156705006,0.0054625324673526305,-0.028406500535168744,Feb
2012-03-31,1.7177156815553955e-4,-0.005336253768944151,-0.030988646569217924,-0.007525699884307177,0.020655396277475573,-0.01290882158829612,-0.06513939743800229,-0.014595263071620106,-0.010649535647011505,-0.08106174827127974,Mar
2012-04-30,-0.06412087073155925,-0.07543338405644315,-0.09101729745314621,-0.06466350469767633,-0.1313967947271041,-0.07409557463453378,-0.10322351494945665,-0.07078521934496297,-0.07167946078590447,-0.08489763514133852,Apr
2012-05-31,0.03866713511313656,0.045968062033348266,0.02469666866392991,0.03914380826022329,0.04969612747777365,0.043493801619206116,0.06198215283111179,0.059839861667166185,0.037488056184827416,0.09055010605366293,May
2012-06-30,0.009963601111145599,0.01143984456491695,0.05569497755272594,0.012394148122287799,0.018112893900027727,3.7772073707608654e-4,-0.045935815771423846,-0.016234701932866837,0.05342063308366785,0.014569919761713568,Jun
2012-07-31,0.006388950239187962,0.01343133603377949,0.028343050757088754,0.019570609872560242,-0.008402430947653746,0.036606294256267165,0.024954993117188684,0.027540248574574877,-0.0036094377383873695,0.0449711545598414,Jul
2012-08-31,0.02600891810077756,0.00534332795694229,0.038067805031014215,0.023975498039339162,0.07086614585046513,0.01714748759928804,0.003789493305229185,0.029421405879494277,0.011462916510967081,-0.0036238123872157826,Aug
2012-09-30,-0.02571926269977128,0.007045721214100458,0.004530491932591073,-0.02014746383737084,0.03773507631448209,-0.05013872871207268,0.012762099223093022,-0.026635184706692093,-0.00720482374105787,0.0019309880347029088,Sep
2012-10-31,-0.005635306674105531,0.014438571789674181,0.020490757988006897,0.0028144065649769244,0.02093726531980639,0.00756948713590243,0.05598454379826696,0.0038275831175677427,0.010340032943418766,0.016198792313169483,Oct
2012-11-30,0.005847985346408899,0.005270059802443741,0.024599968858474517,0.0069304561413692095,0.026226188737723456,-0.003207276700354094,0.09171493047368251,0.028033952715871165,0.031148793504366886,0.02053228416203056,Nov
2012-12-31,0.05610843981457415,0.06229684546335016,0.011197917187877528,0.04919779204892529,0.03732064003359491,0.016299432412992542,0.04914351468291542,0.06024300047768996,0.02907520212323977,-0.003054922477340973,Dec
2013-01-31,0.013893088774903504,0.013277912530239468,-0.006551935224684319,0.01099992755186567,-0.031768938657942156,-8.698224533435308e-4,0.03214264647372279,0.006076925139811252,-0.005094099834621677,-0.028645419025280842,Jan
2013-02-28,0.03660865273698941,0.007970351843421894,0.0077215338311511904,0.035355293879972854,-0.029056689542341984,0.038681727669516185,0.07825430438675039,0.04973800721403149,0.012550852312305327,0.002774410873052056,Feb
2013-03-31,0.01776216035172567,0.0028656286769121924,0.015074415071138252,0.017930466637601904,0.019423858097082632,0.018237985231158705,0.11368657176978306,-0.004160323463576815,0.016406685294557466,0.011944186920832052,Mar
2013-04-30,0.0184126116916075,0.023515668430581373,0.0535258949297604,0.02056265703903996,-0.015283078454651948,0.03851082227590983,-0.004576213522040136,0.04003270133595697,-0.01701048257267486,0.021126817632961942,Apr
2013-05-31,-0.014247844099300112,-0.05745960164989753,-0.0408986837206916,-0.015707556188440934,-0.06955089572612769,-0.01675736360768937,0.009252072186063264,-0.008932061328712401,-0.04246364001584946,-0.05427161512554212,May
2013-06-30,0.03867094125373393,0.06321536183887784,0.03391205777336711,0.04610115083084556,0.05062914450929721,0.05553199295904627,-0.005719461113595615,0.06314273586334922,0.02337523114768315,0.054005328917931535,Jun
2013-07-31,-0.045764824129817604,-0.031949962651116486,-0.026455049929664673,-0.03398487584379517,-0.013455424223471315,-0.017755676480372594,-0.021109740361974775,-0.039119841209342546,-0.0686653238459004,-0.03156486935575747,Jul
2013-08-31,0.021925819593661296,0.0076582758316732025,0.044012842562336195,0.027492370836906217,0.04067365127370323,0.04026447979222593,0.07300395773412467,0.051901808799177045,0.041995007862321784,0.04202304285568537,Aug
2013-09-30,0.02694318595407087,0.040813283969133696,0.047064893014243825,0.04311867773878539,0.009053827924010209,0.0378345389787756,-0.01317640641000407,0.024345297083849894,0.009372036668838263,0.04497695439089593,Sep
2013-10-31,0.03339922235664966,-0.012076040341097567,0.040467400727929065,0.02643440536135192,0.02856371718199611,0.03189322444427938,0.08378770338471545,0.03907762157242534,-0.011201462388965362,0.011240137105871455,Oct
2013-11-30,0.029976732205004387,0.014702086284776834,0.014680901795814284,0.02287977515081311,-0.026662286102775382,0.02691901697515327,0.039538707862314386,0.018509219359227648,-0.0032906858116832096,0.010271295898269226,Nov
2013-12-31,-0.054137341365269924,-0.0360082939694307,-0.030869808076664864,-0.034877941583178924,-0.06233702005917785,-0.013589394938019243,-0.07943179462657063,-0.025854851601879236,-0.0491326962523023,-0.015137201886591413,Dec
2014-01-31,0.038982525905658656,0.0449472117508016,0.03927846978764091,0.04216283845430262,0.057461760745747416,0.048281267725776185,0.0035444788330571413,0.045772865297254176,0.032465129532336184,0.06063177325287282,Jan
2014-02-28,0.008294910733455256,-0.031520914414887705,2.962038272073994e-4,0.007860540911485905,-0.0214250884016289,-0.01475834386014508,0.010910547324732366,-0.0010138936656664845,0.03521399733771995,0.03462933044593675,Feb
2014-03-31,0.007433035796189222,0.027149921403940656,1.32308815836346e-4,0.0053167924549811256,-0.007128674348555667,-0.025272432741732045,-0.0388331082243546,-0.04223305251902753,0.021439885788548697,0.0037745744432105886,Mar
2014-04-30,0.008223513276618077,0.009468308101125618,0.03390541924124007,0.020578637408127546,0.03918622006048289,0.029024515108912945,0.020108040668502664,0.007484937537888415,0.009058369061709096,0.014260161604297258,Apr
2014-05-31,0.0065437749660205895,-0.014807031990717286,-0.015519037695937191,0.01872302329947553,-0.0058811118086976,0.037023087269831646,0.025692452674601587,0.04859861384895795,-0.014502703901680701,-0.0060407651473503455,May
2014-06-30,-0.015886166966011903,-0.0020483611140094758,-0.04634593492291596,-0.01624506273097991,0.05951089330464468,-0.012494350054605887,0.028646375864769293,-0.06578379287011493,0.03572486609543537,-0.044938533612729294,Jun
2014-07-31,0.03189501691267555,0.013240100370255586,0.00959478119478073,0.037414364048957933,0.00599276992159177,0.04850864314015407,-0.005621286456277563,0.04690403582778599,-0.005790028612815668,0.032046492956259914,Jul
2014-08-31,-0.003193852714029382,-0.02932694609119983,-0.0010792299894976172,-0.015984761841276465,-0.07437858902118097,-0.021799642763143477,0.0454692714688453,-0.06637888372836415,-0.015119748535611632,0.015897864005346093,Aug
2014-09-30,0.020334631805651926,-0.011572615542087852,-0.013542673338026726,0.02336751264714608,0.05597865215623388,0.03161043408409412,0.01475271583259094,0.06370778995375392,0.0019229101406585414,-0.025922448302329336,Sep
2014-10-31,0.024836626697307587,0.026544443360637923,0.07003782800128754,0.024158235964622958,-0.006068068250312123,0.03351278668280838,0.042530107131975144,-0.0010819132819385588,0.01926509999163083,0.05325850608442798,Oct
2014-11-30,-2.3557800782804647e-4,-0.02355493518515107,-0.011174885159838732,-0.00333608110015252,-0.003086138131305469,-0.008762120336399393,-0.0013932413156625514,0.028756766931789614,0.0038198457626279826,-0.027114178029776063,Nov
2014-12-31,-0.037624234603357384,0.02753353366373106,0.08030109685970002,-0.03153277921694926,0.033519603785141336,-0.02661010820214545,-0.0015676233671353685,-0.03754800620078594,0.008029280380221961,0.06534566534672123,Dec
2015-01-31,0.05455378891543546,0.028813157216028566,0.06172434144412627,0.05259709428486081,0.019362578646142957,0.06512087322958443,0.06945660016034987,0.05396095737271497,0.0012791827288745144,0.06571061256606771,Jan
2015-02-28,-0.019935494313486103,-0.025322634508150917,0.0477440637879046,-0.017896003324776137,-0.0038426362048930066,-0.014695021348611254,0.01773270436819469,0.015590627538016355,0.011123434229599532,0.0291686269794609,Feb
2015-03-31,0.0034812877747085144,0.027321571373758357,-0.03841156222552788,0.008610467227266856,0.11986107850303655,0.009569229717669192,0.020195366404259233,-0.02497781531073581,0.013751870332674642,-0.027093963753235778,Mar
2015-04-30,0.008442223061924386,0.003413385028040759,-0.00811669830150075,0.00954052920520817,-0.03105255682674407,0.02066760458845694,0.05252995693563163,0.0190159353376046,-0.0235982987808419,-0.012471008041574617,Apr
2015-05-31,-0.022354488008038735,-0.04000561277884208,-0.04624185114720256,-0.021828534231579586,-0.041892232915481296,-0.021439396864397005,-0.010265931383893262,0.0015402669655940262,-0.017249887529929887,-0.043079290230244566,May
2015-06-30,0.0029291384996848057,0.02652736751931448,0.023138590183381255,0.01766600748511555,-0.07139248000656083,0.019539217687279044,0.014394384877259884,-0.01874650271717865,-0.0352706806989525,0.02942592296342938,Jun
2015-07-31,-0.06832277010475692,-0.06930971432798735,-0.09074515361541914,-0.06493359545674977,-0.12406929817413351,-0.06469094811611165,-0.08372635778004624,-0.06580986618912632,-0.09281956303540706,-0.10263791139735291,Jul
2015-08-31,-0.0148316562711414,-0.03027158380001728,-0.04189282085301851,-0.025738383705897688,-0.03980294195371772,-0.011502392720045503,-0.07613629341438573,-0.04235414539203518,-0.043691128362604324,-0.02800452011695852,Aug
2015-09-30,0.08164997745772341,0.04822752597547872,0.10618887095174234,0.07991731525852612,0.06699605329386071,0.08877094301522977,0.08774741193168202,0.0539031991319951,0.07008699603619738,0.10775478396931865,Sep
2015-10-31,0.002672925447796975,-7.863366433766005e-4,0.05714947079146358,-1.6826902404292965e-4,-0.022736896870515413,0.008458566980124553,0.04772759827368369,0.03064571658432012,-0.04142099825618057,0.020732761014264262,Oct
2015-11-30,-0.016770545405885774,-0.018066324160549402,-0.06132715541525551,-0.018896234853620335,-0.012849687175305165,-0.024116661479487933,-0.03942380899268143,-0.05401303956612959,0.006941067471779662,-0.057050893365305014,Nov
2015-12-31,-0.055469210609191064,-0.025719204279346115,-0.06783332772145614,-0.049255369761810976,-0.10135148884144793,-0.05967111285762839,-0.07159859038945068,-0.09105319683454927,-0.09434459714074873,-0.03854674022255878,Dec
2016-01-31,0.003813707471660155,0.002183795678748115,-0.03399342306504776,-0.002434611775976,-0.033901510797198935,-0.00648179388992306,-0.0992822077948814,3.5792746981993135e-4,0.011109618322872593,-0.02522776226009248,Jan
2016-02-29,0.0665974714245915,0.01267940780689549,0.04966522392401222,0.06139292699180124,0.07580222961646227,0.05787467104714951,0.045514839301875255,0.07308036183430004,0.06327538062787505,0.0028460555389740964,Feb
2016-03-31,0.006315764653985054,0.010791935333437303,0.020703998939496794,0.004211602593222283,0.01342191780025122,-0.01397206615086293,-0.0032055612997344872,0.016000298558187312,0.006311927703577809,0.02505524608491184,Mar
2016-04-30,1.922872045252266e-4,-0.0017799033394908501,0.01685910711448591,0.014303400297980245,-0.011781329542431988,0.033183659505959744,0.052279036806676664,0.020630721218912088,-0.01838915220478538,0.010131148453036237,Apr
2016-05-31,0.00983287785382391,0.04295876248867885,-0.056501911143694974,0.0023469606001339954,0.003267747419696266,-0.017663879487346257,-0.09318979136840726,-0.0022458665799461237,0.018810536916673608,-0.05897524274017324,May
2016-06-30,0.027947318199658174,0.03327922094012526,0.05924542009980488,0.03476177268157104,0.04312023337492112,0.06501731966950632,0.0540151867654793,0.05751910401097961,0.007080489524641315,0.0366752884912176,Jun
2016-07-31,-0.0018253727558057138,0.008455628817656952,0.01582693259912622,-0.0010128455894264253,0.04219003019770465,0.008824232338224033,0.028353335618750704,0.015942053449310076,-0.019311787064922915,0.014403870105458433,Jul
2016-08-31,-0.004817913954379919,0.01722161249715577,-0.010534210468100652,-0.0014102951599607703,0.017318160061634547,0.017800607694294514,-0.026119397660735996,0.00929491396421023,0.016706309698946206,-0.005066683281333362,Aug
2016-09-30,-0.007532824233057656,0.0079258927205709,0.01626278452309601,-0.017798094404701703,-0.03083874249970473,-0.02119353682712238,0.050552906830532485,-0.04904634527921058,-0.023177441866396625,0.018749258709545448,Sep
2016-10-31,0.05179766760516304,-0.02480843346036139,-0.007848581617457452,0.03241429439992766,-0.00983707754671086,0.023550428915976345,0.05201323047167365,0.10396325494556609,0.03185646624841516,0.009370053528498337,Oct
2016-11-30,0.03153034431437081,0.051567440862616,0.08049965454712181,0.01741884816629378,-0.04219119584219765,0.022403585945611013,0.030766565636275896,0.025651709165303335,-0.011352405414274385,0.05349578338972973,Nov
2016-12-31,-4.4137918560582275e-4,-0.006122699930222355,0.009488021724111331,0.012051976553734835,0.060317956517809,0.03427199444000128,-0.013424286777233143,0.002816342775161094,0.053873974918145,-0.023853652032773648,Dec
2017-01-31,0.0436257600310706,0.022865896165858934,0.016012572819784823,0.03357852320611766,0.022527904671100614,0.029781107503978093,0.010094168038320459,0.016439601720238377,0.016498462353245265,0.018451510168811795,Jan
2017-02-28,-0.014131170193681873,0.008158385721141219,0.03284441501593054,-0.0073415734140866015,0.010941089414344282,0.006258037272608604,-0.016660655328257102,-0.0023062387377020856,0.021909988026294243,0.032139725813059045,Feb
2017-03-31,0.013235878646883713,-0.01638387856089275,0.0055782727736123664,0.009210927273994036,0.015499069917841871,0.021779516068267522,0.010933284451330306,0.010047233968442388,-0.0015199182969296249,0.02464391392008795,Mar
2017-04-30,0.0021881548512926274,0.04294360552524956,0.01088734947212637,0.009707823156251297,0.03517203071394433,0.021354000059399195,0.025593260808214474,-0.022229427923967017,0.008567166916461916,-0.0014056435736985382,Apr
2017-05-31,0.015058269924908626,-0.02795354868450222,-0.02392943229195849,0.0032072414684468707,0.0010963092122442113,-0.01221902826724643,0.01718176766678862,0.03233235046237143,0.0038381138362049635,-0.03571271918350714,May
2017-06-30,0.023049955197825767,0.008076450530330518,-0.022688674390575914,0.015876554323489157,0.06303557849628454,0.02792679710344657,-0.006560088805916825,0.006102224405651091,0.030683563737716274,-0.01223150570503049,Jun
2017-07-31,-6.067164273661792e-4,0.007917582551603783,-0.007606286281595383,-0.002202656510657136,0.023303201423491317,0.008827616594535976,-0.013189467952861298,-0.014657788152025078,-0.013408777641928252,-0.016211706813561454,Jul
2017-08-31,0.019074706077904128,-0.007809096168423049,0.05839682615020391,0.017998949884010202,-0.01658932739727055,0.008315011428038454,0.031068167000900225,0.05873240057759464,-0.016778177993741022,0.04290358416664892,Aug
2017-09-30,0.041654699926604956,0.016185083970464278,0.02784537750813681,0.021215544553745077,0.01287492341354082,0.03349172481613695,0.07601012397049514,0.007669770627146996,0.04241843253529815,0.01958659194173878,Sep
2017-10-31,0.034770132429609024,-0.022457373658685467,-0.02415765489249734,6.308480137017829e-4,0.021991813046264148,0.016920138771195935,0.025855799869415278,-0.011807261372391645,0.01654782498331032,-0.03508387472291466,Oct
2017-11-30,0.016882543165036755,0.04810939489404786,-0.009745995494731432,0.01072075031948445,0.022232572378506805,0.008634408899280618,-0.006654315977020429,-0.005578620874985846,-0.011375282346326005,-0.006709846525864873,Nov
2017-12-31,0.05260530469307922,-0.020261603174478858,0.02237131880023025,0.05087944733625846,0.0909457324294705,0.06606706042593652,0.0010637869672970922,0.02498280766677084,0.0367480471945934,0.03355492881803544,Dec
2018-01-31,-0.04124214667547998,-0.04087124621253056,-0.06229279981635956,-0.037116259247476746,-0.06603478154784263,-0.014219881715409364,-0.05328758482736209,-0.040352996182589466,-0.005383525764862665,-0.03945324148915879,Jan
2018-02-28,-0.037496073499275646,-0.024538419018958132,-0.0236639211713039,-0.027764518101881762,-0.012666737783537657,-0.029475819898221074,-0.020613144999764337,0.011415615009016174,-0.01891866644212496,-0.011141013458823932,Feb
2018-03-31,0.003588363325742746,0.062178863418798594,0.04996171993526916,0.0055287835617249155,0.028998461534389113,0.007115288199440621,0.04675467468296536,0.008296958666186691,0.04960343003525777,0.05509971100032628,Mar
2018-04-30,0.012303123808632677,0.022242943676629906,-4.6721940171431475e-4,0.023302243432956615,-0.010241605941263231,0.053610570762495945,-0.01126865604431636,0.057861160627770664,-0.05560407250283753,-0.037340299351542774,Apr
2018-05-31,-0.011090475480372406,-0.005393421244875629,-0.029786805592344673,-1.2132784616694196e-4,-0.05357804919042607,0.003019032755752879,0.008024203205971211,0.004678972852078442,-0.04627108222265711,-0.0169192984826052,May
2018-06-30,0.05058533546819587,0.014546218660470782,0.05271512265270435,0.04033702007165077,-0.001188469657256106,0.029080949745318288,0.014286361588633598,0.017552031258414803,0.012860072766739387,0.04445112664395879,Jun
2018-07-31,0.019569910105748278,-0.04168915931069007,-0.03673510880295964,0.02808307962971286,-0.03065526517588169,0.051584509514406345,0.009799409761195645,0.040971608972028124,-0.03593312847384532,-0.03371165045266043,Jul
2018-08-31,0.020707055633005584,0.010413314353633152,-0.0074541361628287,0.005857939625462279,-7.528940160664025e-4,-0.00515673917432667,0.05544202263460456,-0.025736271844899277,0.014560310501550263,0.0012392828506036044,Aug
2018-09-30,-0.05735400802631266,-0.05221738954538345,-0.06904999192663903,-0.07614493084092887,-0.10395256942105548,-0.10213190048943711,-0.09783108845320797,-0.11630792671566506,-0.07761287797638187,-0.0655590783088669,Sep
2018-10-31,0.01564264842630108,-0.02096713540412593,-0.01432058585639489,0.015546810076719505,0.04941520030625421,3.711486218990155e-4,0.02009447652008174,0.01351977486545144,0.023342546137349814,-0.009747112378063557,Oct
